6e172695-c76c-4364-8dd9-44e6d2d3aed9,Heitor Rovaron,heitor.rovaron
4e8660b0-7350-4211-9b9b-9ba50792ccd9,Melony Terci,melony.terci
7e3d4092-6664-4162-9866-c4256507a35e,Tatiana Arrieiro Filgueira,tatianaarrieirofilgueira
d41d1b73-e28a-4464-a640-abfe1d913cfd,Nadja Elias,nadjaelias
657eb911-3fd1-4317-9430-f5f53199754c,Rafael Furtado,rafael.furtado
c5dcda1f-6d9c-4fe4-824b-ee9a0b138a9c,Luzanira Sardenberg,luzanira.sardenberg
6dec2c10-1522-4cc7-8e45-89d78a6274c2,Donizete Kohler,donizete.kohler
61423001-c484-4fbf-9ee7-9475fb93cf3c,Alinice Araujp,alinicearaujp
c720558d-652d-48d3-b952-40b16124b989,Alax Kaiser Raquel,alax.kaiser.raquel
bea7457f-3d0a-48f8-9ee9-c3ff79bf756b,Candisse Mattis,candisse.mattis
fd7ec052-7e2a-4425-a109-a4a37f105512,Ivanice Callado,ivanicecallado
18c369fe-2b6c-4638-9693-425b13b22948,Vixpark Valariano Federici,vixpark.valariano.federici
850778f4-0bc9-45d0-a732-d023a8f25196, Falfan Brant,falfanbrant
e7e46a01-9618-4f48-978c-9a712949389d,Gustav Angione,gustav.angione
64b7f8c1-6264-4edf-b47a-90f8692056e0,Emannuelly Reginaldo Fofonka,emannuelly.reginaldo.fofonka
cfe9ca52-4b8b-4a15-86f1-4b0adb0f9227,Flaviane Salgado Dudar,flaviane.salgado.dudar
93a30bf5-7c91-45a2-8624-80c79b35b422,Francisca Brunelli Mafetone,francisca.brunelli.mafetone
d2173551-7d7b-47d5-8425-133cdcb69724,Leonaia Farias,leonaiafarias
81bb7a02-c574-4114-85f9-368514aaba29,Rejane fernandes Marinonio,rejane.fernandes.marinonio
f687f04d-5f24-4327-bd74-b07c5660f364,Marcia Louredo,marcialouredo
48da4ef1-9cdf-4a18-aa93-92cdef0d6482,Joeliton RODRIGUES,joelitonrodrigues
a8461f62-d18f-4190-bf97-1684a13b5531,Everaldo Birkman L,everaldo.birkman.l
02b6ce38-b23d-446a-b78b-823f360a4f35,Sarah Auxiliadora,sarah.auxiliadora
708943ab-7987-4632-ae23-1248922b87d6,Jusandra Pessini,jusandrapessini
15d3f155-6a02-4849-9af7-d2cc4148f5a2,Alysson Missagia Mazoco,alyssonmissagiamazoco
b3259f66-1309-42b0-b27e-abb916da67c0,Valdinei Juvencio,valdinei.juvencio
fd3d9ebc-ed89-4a5c-ad0d-c34ecbcae2ac,Joicy Quidicomo,joicyquidicomo
7bd3cf31-e9c5-4b28-b4d2-161b633a99b4,laize Nobrega,laizenobrega
efa7c6a5-7ed7-438a-875b-1fc4184b6bf0,JOSE Cynara Katyuce,jose.cynara.katyuce
fe822c21-d963-4886-ab29-612738cbc47e,Edmarine Castegnara Dattein,edmarine.castegnara.dattein
902a5975-a4a4-4ba8-9a0e-ba3b2812a57d,Franciellen Collopy Marcelina,franciellencollopymarcelina
e04042a2-6ee5-432e-85be-142197dc59c7,Domitila Xx Vavassori,domitila.xx.vavassori
104cf1c0-70d8-4a4e-ac01-29440b10d5ef,Alessandra Ely Isaac,alessandra.ely.isaac
4a873af2-fe3c-4b81-abc3-91ec7299f6b2,Nicolle Ricardo,nicollericardo
529655d9-38c4-4f0c-88d7-62eb8a7adf76,Jacob Swartele,jacobswartele
709b6d12-a526-42d9-9980-25ff71d7c0d9,Morris Franco,morris.franco
5261adc3-8249-4ce0-9ce0-230e65164a8d,Eloisa Lund,eloisa.lund
36fbfe3b-91ba-4bc9-8918-ed94a10aee3f,Cleiziene Bertagnoni,cleiziene.bertagnoni
0cad4728-8f1e-48d4-8e3e-63594ca33b17,Joil Valle,joil.valle
f4fb9402-a929-4d97-b2ed-d424e81bbf51,Kamila Riper,kamilariper
7a917d5a-cb31-4bd5-b6a5-10c90de4b6f2,Vitor Steinmann,vitor.steinmann
b1d011ac-47c7-453c-9558-22027a759f91,Valdirlene William,valdirlenewilliam
cd322a11-d1ac-431a-99a8-25f126a2d389,Aleandra Cassia Abdon,aleandra.cassia.abdon
30abd294-6b09-428b-b761-dc28f6961f43,Sandro Valerii Restum,sandro.valerii.restum
37c5d202-641c-49a6-848b-4fc64bf790ef,Alan Gasco Balbo,alangascobalbo
14f015ba-4cdf-439e-8948-518c5cb5ddce,Jany Carpinteiro,jany.carpinteiro
5e0ccb3e-7f28-47d0-9cf7-9426f364805e,Wesley Souzs,wesley.souzs
6f0bf406-6eb6-4c5c-ab8c-50a2398da5e4,Frank Sabrina Pauperio,frank.sabrina.pauperio
0bc1a237-0995-4bae-9961-ad7c992d1bba,Benedito Calheiros Dionei,benedito.calheiros.dionei
be581d60-9825-441a-92fb-bb2eda2229e3,Vixpark Lessa,vixpark.lessa
